transaction_id,date,description,amount,direction,mcc,category,_merchant,_is_holdout
49,2024-05-22,POS LIME,8100.0,debit,,Одежда и обувь,LIME,False
85,2024-04-06,POS APTEKA 36.6,409.0,debit,,Здоровье,Аптека 36.6,False
34,2024-06-17,PEREKRESTOK,1890.0,debit,5411,Продукты,Перекресток,False
227,2024-05-15,Яндекс Практикум абоеннтская плата,22950.0,debit,8299,Образование,Яндекс Практикум,False
231,2024-06-13,ООплата услуг Водоканал,5500.0,debit,4814,ЖКХ и связь,Водоканал,False
203,2024-05-07,O'KEY,4799.0,debit,,Продукты,О'Кей,False
107,2024-06-30,RZHD KAZAN RUS,35350.0,debit,4511,Путешествия,РЖД,False
93,2024-05-17,ZARA VORONEZH RUS,7390.0,debit,,Одежда и обувь,Zara,False
349,2024-06-11,ИП Петров И.А.,7631.86,debit,,Прочее,Петров И.А.,False
11,2024-04-11,OPLATA SITIDRAYV,409.0,debit,4111,Транспорт,Ситидрайв,False
445,2024-05-29,WILDBERRIES,7000.0,debit,,Прочее,,False
362,2024-06-02,ИП Иванов Е.А.,6310.26,debit,,Прочее,Иванов Е.А.,False
394,2024-06-05,Пополнение счета от Петрова Е.Д.,1100.0,credit,,Прочие доходы,ВТБ Страхование,False
75,2024-06-18,Списание ЖКУ Газпром Межрегионгаз,2509.0,debit,4814,ЖКХ и связь,Газпром Межрегионгаз,False
374,2024-06-05,ИП Смирнов В.. репетитор английского,23000.0,debit,8220,Образование,Смирнов В.Е.,False
417,2024-06-01,Начисление процентов на остаток,65900.0,credit,,Прочие доходы,Столички,False
72,2024-05-21,SITIDRAYV,990.0,debit,,Транспорт,Ситидрайв,False
327,2024-06-11,POKUPKA AROMAMANIYA VORONEZH,690.0,debit,,Красота и уход,Аромамания,True
332,2024-06-06,TERMINAL 275864 TAKSOVICHKOF EKATERINBURG,1399.0,debit,5541,Транспорт,ТаксовичкоФ,True
333,2024-05-17,POKUPKA KVEST-HAUS ROSTOV-NA-DONU,2799.0,debit,,Развлечения,Квест-Хаус,True
151,2024-04-11,OPLATA SM-KLINIKA,2050.0,debit,8099,Здоровье,СМ-Клиника,False
24,2024-06-02,ИП Петрова А.Н. частный извоз,149.0,debit,5541,Транспорт,Петрова А.Н.,False
15,2024-05-30,Списание ЖКУ Водоканал,2999.0,debit,,ЖКХ и связь,Водоканал,False
185,2024-06-02,OPLATA TOVAROV SVAZNOY,38509.0,debit,5734,Электроника и техника,Связной,False
440,2024-05-21,Списание по операции №780891,4390.0,debit,,Прочее,,False
134,2024-06-08,POBEDA*780558,2190.0,debit,7011,Путешествия,Победа,False
101,2024-05-20,ИП Федоров А.А. репетитор математики,12090.0,debit,8299,Образование,Федоров А.А.,False
66,2024-05-07,POKUPKA LIME MOSKVA,2809.0,debit,,Одежда и обувь,LIME,False
13,2024-05-03,OPLATA LUKOYL AZS,1750.0,debit,4121,Транспорт,Лукойл АЗС,False
249,2024-04-30,CINNBON*558245,3690.0,debit,5812,Кафе и рестораны,Cinnabon,False
36,2024-04-07,OPLATA PYATEROCHKA,1050.0,debit,5411,Продукты,Пятёрочка,False
239,2024-06-28,ERMINAL 193417 WILDBERRIES FASHION KRASNOYARSK,1899.0,debit,5661,Одежда и обувь,Wildberries Fashion,False
33,2024-06-14,OPLATA RIV GOSH,690.0,debit,7230,Красота и уход,Рив Гош,False
397,2024-05-09,Начисление процентов на остаток,20890.0,credit,,Прочие доходы,Cinnabon,False
274,2024-05-13,OKKO,3700.0,debit,,Развлечения,Okko,True
363,2024-06-09,ИП Сидоров Н.Ю. мастер по ремонту,6299.0,debit,5200,Дом и ремонт,Сидоров Н.Ю.,False
182,2024-06-02,MTS MAGAZIN VORONEZH RUS,30199.0,debit,5734,Электроника и техника,МТС Магазин,False
285,2024-04-04,TERMINAL 724657 EKODRAYV AZS MOSKVA,2149.0,debit,5541,Транспорт,ЭкоДрайв АЗС,True
240,2024-04-26,MAKSIODM,25199.0,debit,,Дом и ремонт,Максидом,False
48,2024-04-10,OPLATA STOLICHKI,11950.0,debit,5912,Здоровье,Столички,False
323,2024-05-30,POS KVEST-HAUS,3690.0,debit,5815,Развлечения,Квест-Хаус,True
9,2024-06-20,TERMINAL 1372 PRIME KRASNOYARSK,499.0,debit,,Кафе и рестораны,Prime,False
172,2024-04-10,Оплата усуг ЕИРЦ,5000.0,debit,,ЖКХ и связь,ЕИРЦ,False
252,2024-05-15,OPPLATA TOVAROV MAKSIDOM,8609.0,debit,5211,Дом и ремонт,Максидом,False
295,2024-04-17,TERMINAL 459506 KOFEPORT NOVOSIBIRSK,590.0,debit,5814,Кафе и рестораны,Кофепорт,True
236,2024-06-30,OPLATA OZNO ELECTRONICS,18199.0,debit,5734,Электроника и техника,Ozon Electronics,False
283,2024-06-30,OPLATA TOVAROV EKODRAYV AZS,2850.0,debit,4111,Транспорт,ЭкоДрайв АЗС,True
26,2024-04-28,POS H&M,4600.0,debit,,Одежда и обувь,H&M,False
232,2024-06-29,OPLATA DIKSI,4699.0,debit,,Продукты,Дикси,False
121,2024-04-23,ИП Соколов В.А. репетитор математики,3509.0,debit,8299,Образование,Соколов В.А.,False
120,2024-05-26,POS METRO,5650.0,debit,5411,Продукты,Metro,False
209,2024-06-04,POKUPKA PYATEROCHKA KRSANOYARSK,3109.0,debit,,Продукты,Пятёрочка,False
5,2024-05-18,POKUPKA MEDSI MOSKVA,13709.0,debit,8011,Здоровье,Медси,False
42,2024-05-07,AIRBNB VORONEZH RUS,5190.0,debit,,Путешествия,Airbnb,False
142,2024-06-09,POS FORMULA KINO,3849.0,debit,7994,Развлечения,Формула Кино,False
326,2024-05-27,YARCHE!,4749.0,debit,5412,Продукты,Ярче!,True
41,2024-05-05,SHOKOLADNITSA,1690.0,debit,,Кафе и рестораны,Шоколадница,False
192,2024-04-06,OPLATA TOVAROV PRK GORKOGO,4900.0,debit,5815,Развлечения,Парк Горького,False
148,2024-04-06,Сбербанк Комиссия счет №187899,1690.0,debit,6051,Финансовые услуги,Сбербанк Комиссия,False
280,2024-05-13,POKUPKA CONCEPT CLUB NOVOSIBIRSK,2409.0,debit,5651,Одежда и обувь,Concept Club,True
114,2024-06-13,OPLATA TVOE,7290.0,debit,,Одежда и обувь,Твое,False
155,2024-06-19,OPLATA S7 AIRLINES,32600.0,debit,4112,Путешествия,S7 Airlines,False
379,2024-04-29,ИП Волкова Н.Н. косметолог,7549.0,debit,,Красота и уход,Волкова Н.Н.,False
413,2024-05-24,Внутрибанковский перевод Смирнов Ю.И.,5549.0,credit,,Переводы,Смирнов Ю.И.,False
165,2024-05-21,OLPATA KINOTEATR KARO,2009.0,debit,,Развлечения,Кинотеатр Каро,False
263,2024-04-29,POS SPAR,2700.0,debit,5412,Продукты,Spar,False
54,2024-05-15,OPLATA ECCO,2209.0,debit,5661,Одежда и обувь,Ecco,False
211,2024-04-04,POS KINOTEATR KARO,4450.0,debit,7994,Развлечения,Кинотеатр Каро,False
308,2024-05-13,APTEKA VITA VORONEZH RUS,3800.0,debit,8011,Здоровье,Аптека Вита,True
313,2024-04-14,POS ZOLOTOE YABLOKO,6000.0,debit,,Красота и уход,Золотое Яблоко,True
184,2024-05-13,Оплата услуг СОГАЗ,1450.0,debit,6012,Финансовые услуги,СОГАЗ,False
337,2024-05-28,POKUPKA ZOLOTOE YABLOKO VOONEZH,4400.0,debit,7230,Красота и уход,Золотое Яблоко,True
284,2024-05-20,Оплата Skyeng л/с 637855,1209.0,debit,8299,Образование,Skyeng,True
412,2024-04-29,Перевод СБП Сидоров И.И.,11250.0,credit,,Переводы,Сидоров И.И.,False
261,2024-04-16,PEREKRESTOK,3300.0,debit,5411,Продукты,Перекресток,False
216,2024-05-01,OPLATA PAYTEROCHKA,3190.0,debit,,Продукты,Пятёрочка,False
410,2024-04-23,Перевод между своими счетами,3209.0,credit,,Переводы,Кузнецов А.Е.,False
377,2024-04-06,ИП Волкова С.А. консультация врача,8900.0,debit,5912,Здоровье,Волкова С.А.,False
407,2024-06-22,Зачисление заработной платы ООО Логистик,40950.0,credit,,Прочие доходы,Petrovich,False
199,2024-06-14,Оплата услг Московская Школа,8990.0,debit,8299,Образование,Московская Школа,False
20,2024-06-07,Списание ЖКУ СОГАЗ,1790.0,debit,,Финансовые услуги,СОГАЗ,False
297,2024-05-25,SLATA SANKT-PETERBURG RUS,3650.0,debit,,Продукты,Слата,True
171,2024-06-21,POKUPKA O'KEY NOVOSIBIRKS,3750.0,debit,5411,Продукты,О'Кей,False
368,2024-04-07,ИП Егорова Ю.П. частный извоз,1890.0,debit,,Транспорт,Егорова Ю.П.,False
237,2024-04-23,WILDBERRIES FASHION*921598,7499.0,debit,5661,Одежда и обувь,Wildberries Fashion,False
299,2024-05-16,POKUPKA SLATA ROSTOV-NA-DONU,1009.0,debit,,Продукты,Слата,True
336,2024-06-08,BATON SAMARA RUS,3000.0,debit,,Кафе и рестораны,Батон,True
351,2024-05-14,ИП Новиков С.С.,5918.66,debit,,Прочее,Новиков С.С.,False
343,2024-05-21,ИП Петрова Е.О.,6203.03,debit,,Прочее,Петрова Е.О.,False
360,2024-05-18,ИП Кузнецов Д.И. репетитор математики,5799.0,debit,8299,Образование,Кузнецов Д.И.,False
344,2024-05-01,ИП Соколов Е.Е. барбер услуги,1409.0,debit,7230,Красота и уход,Соколов Е.Е.,False
125,2024-05-18,Оплата услуг ЮMoney Комиссия,790.0,debit,6051,Финансовые услуги,ЮMoney Комиссия,False
386,2024-06-23,Перевод по номеру телефона +7 975 535-52-85,44909.0,debit,,Переводы,Сидорова И.А.,False
384,2024-05-19,Перевод между своими счетами,23809.0,credit,,Переводы,Соколов Ю.А.,False
31,2024-05-23,YANDEKS TAKSI MOSKVA RUS,2509.0,debit,4121,Транспорт,Яндекс Такси,False
390,2024-04-01,SBP PEREVOD Петрова О.М.,48199.0,debit,,Переводы,Петрова О.М.,False
59,2024-06-18,OPLATA H&M,11749.0,debit,,Одежда и обувь,H&M,False
138,2024-06-05,VKUSVILL,5049.0,debit,,Продукты,ВкусВилл,False
21,2024-06-15,POS ROSNEFT AZS,2550.0,debit,5541,Транспорт,Роснефть АЗС,False
131,2024-06-08,AIRBNB SANKT-PETERBURG RUS,10949.0,debit,4511,Путешествия,Airbnb,False
102,2024-06-28,ASHAN*665661,2249.0,debit,5411,Продукты,Ашан,False
79,2024-05-24,POS WILDBERRIES FASHION,5749.0,debit,5651,Одежда и обувь,Wildberries Fashion,False
277,2024-06-07,POS APTEKA VITA,7590.0,debit,,Здоровье,Аптека Вита,True
95,2024-06-08,OPLATA TOVAROV LENTA,3990.0,debit,5411,Продукты,Лента,False
188,2024-06-26,OPLATA PLAYSTAITON STORE,690.0,debit,,Развлечения,PlayStation Store,False
403,2024-05-15,Кэшбэк по карте,60190.0,credit,,Прочие доходы,МТС Магазин,False
266,2024-04-13,LUKOYL AZS KAZAAN RUS,1550.0,debit,5541,Транспорт,Лукойл АЗС,False
55,2024-06-19,Оплата Ростелеком л/с 886614,4309.0,debit,,ЖКХ и связь,Ростелеком,False
82,2024-05-31,O'KEY,3950.0,debit,,Продукты,О'Кей,False
201,2024-04-14,KOFE HAUZ*557283,450.0,debit,,Кафе и рестораны,Кофе Хауз,False
429,2024-04-10,МАРКЕТПЛЕЙС ОПЛАТА 604839,9609.0,debit,,Прочее,,False
275,2024-05-16,OPLATA BULKA I KOFE,1849.0,debit,5814,Кафе и рестораны,Булка и Кофе,True
381,2024-04-11,ИП Егоров Е.В.,7615.15,debit,,Прочее,Егоров Е.В.,False
91,2024-06-12,POKUPKA ROSNEFT AZS NOVOSIBIRSK,2090.0,debit,,Транспорт,Роснефть АЗС,False
317,2024-04-19,OPLATA FAMILIA,4399.0,debit,,Одежда и обувь,Familia,True
318,2024-06-09,VERNYY*348690,5150.0,debit,,Продукты,Верный,True
423,2024-04-11,Внутрибанковский перевод Федоров О.Н.,35290.0,credit,,Переводы,Федоров О.Н.,False
426,2024-06-27,Внутрибанковский перевод Иванова И.В.,24649.0,credit,,Переводы,Иванова И.В.,False
150,2024-05-13,Оплата ТСЖ Пример л/с 733508,4100.0,debit,4900,ЖКХ и связь,ТСЖ Пример,False
418,2024-04-26,Возврат покупки Московский метрополитен,1949.0,credit,,Прочие доходы,Московский метрополитен,False
175,2024-05-01,POKUPKA SPAAR KRASNOYARSK,2249.0,debit,,Продукты,Spar,False
52,2024-06-26,OPLATA TOVAROV VKUSVILL,5509.0,debit,5422,Продукты,ВкусВилл,False
287,2024-05-09,POS FARMAPLYUS,9299.0,debit,,Здоровье,ФармаПлюс,True
316,2024-05-11,Оплата услуг НТВ Плюс,1309.0,debit,,ЖКХ и связь,НТВ Плюс,True
179,2024-04-13,Списание ЖКУ МТС,5900.0,debit,,ЖКХ и связь,МТС,False
132,2024-04-06,Совкомбанк Страхование счет №879581,300.0,debit,6051,Финансовые услуги,Совкомбанк Страхование,False
218,2024-04-13,MAGNNIT EKATERINBURG RUS,5649.0,debit,5411,Продукты,Магнит,False
0,2024-05-18,POS MAGNIT,5250.0,debit,5412,Продукты,Магнит,False
329,2024-06-21,APTEKA VITA*189814,3250.0,debit,8011,Здоровье,Аптека Вита,True
162,2024-06-07,OPLTAA TOVAROV RENDEZ-VOUS,4050.0,debit,5661,Одежда и обувь,Rendez-Vous,False
364,2024-05-25,ИП Кузнецов Н.Ю. сантехник услуги,13190.0,debit,,Дом и ремонт,Кузнецов Н.Ю.,False
276,2024-04-13,TAKSOVICHKOF*27965,309.0,debit,,Транспорт,ТаксовичкоФ,True
226,2024-05-21,Оплата услг Водоканал,7499.0,debit,,ЖКХ и связь,Водоканал,False
178,2024-06-30,POS MU-MU,849.0,debit,5814,Кафе и рестораны,Му-Му,False
393,2024-06-30,Перевод СБП Волкова А.М.,30000.0,credit,,Переводы,Волкова А.М.,False
6,2024-06-01,NIARMEDIK*18100,1509.0,debit,8011,Здоровье,Ниармедик,False
408,2024-06-06,ВОЗВРАТ SBP Кузнецов И.М.,14349.0,credit,,Прочие доходы,TopGun Barbershop,False
159,2024-06-07,POS SVYAZNOOY,74449.0,debit,5732,Электроника и техника,Связной,False
200,2024-05-30,TERMINAL 746747 MEDSI NIZHNIY NOVGOROD,6309.0,debit,,Здоровье,Медси,False
264,2024-06-03,OPLATA TOAROV SITIMOBIL,1609.0,debit,5541,Транспорт,Ситимобил,False
258,2024-06-07,DELIMOBIL*812392,2100.0,debit,4121,Транспорт,Delimobil,False
147,2024-04-15,ИП Морозова А.Е. консультация врача,4949.0,debit,,Здоровье,Морозова А.Е.,False
439,2024-04-24,AVITO USLUGI,1609.0,debit,,Прочее,,False
170,2024-06-25,POKUPKA PYTAEROCHKA SANKT-PETERBURG,4809.0,debit,5422,Продукты,Пятёрочка,False
288,2024-06-21,CONCEPT CLUB*24882,3950.0,debit,5661,Одежда и обувь,Concept Club,True
328,2024-06-12,Оплата Энергосбыт Плюс л/с 429061,5899.0,debit,,ЖКХ и связь,Энергосбыт Плюс,True
181,2024-04-15,OPALTA PLAYSTATION STORE,1809.0,debit,,Развлечения,PlayStation Store,False
217,2024-06-13,TERMINAL 221035 OKEY UFA,3199.0,debit,5422,Продукты,О'Кей,False
291,2024-05-25,YARCHE! ROSTOV-NA-DONU RUS,2009.0,debit,5422,Продукты,Ярче!,True
242,2024-04-23,DIKSI VORONEZH RUS,4250.0,debit,5411,Продукты,Дикси,False
241,2024-06-25,KFC*316374,1609.0,debit,5812,Кафе и рестораны,KFC,False
38,2024-06-23,PETROVICH,12290.0,debit,,Дом и ремонт,Petrovich,False
248,2024-04-21,TERMINAL 624599 STEAM UFA,3490.0,debit,5815,Развлечения,Steam,False
160,2024-06-20,OPLATA TOVAROV ROSNFT AZS,2649.0,debit,7523,Транспорт,Роснефть АЗС,False
281,2024-04-04,OPLATA KNS,3309.0,debit,5732,Электроника и техника,KNS,True
12,2024-05-12,POS O'KEY,4699.0,debit,,Продукты,О'Кей,False
30,2024-06-29,Мегафон абонентская плата,1950.0,debit,,ЖКХ и связь,Мегафон,False
144,2024-05-03,ONEPRICE,7949.0,debit,,Красота и уход,OnePrice,False
202,2024-05-15,OPLATA MGNIT,1790.0,debit,,Продукты,Магнит,False
191,2024-05-10,TERMINAL 726477 PYATEROCHKA CHELYABINSK,4990.0,debit,5412,Продукты,Пятёрочка,False
157,2024-06-14,MAGNIT,3350.0,debit,5411,Продукты,Магнит,False
204,2024-04-25,OPLAAT CASTORAMA,24009.0,debit,,Дом и ремонт,Castorama,False
400,2024-06-29,Перевод между своими счетами,8349.0,credit,,Переводы,Волкова В.А.,False
415,2024-05-31,Начисление процентов на остаток,88090.0,credit,,Прочие доходы,Spar,False
392,2024-05-16,Начисление процентов на остаток,16200.0,credit,,Прочие доходы,Т2,False
338,2024-05-29,ИП Иванова И.М. мастер по ремонту,20300.0,debit,5200,Дом и ремонт,Иванова И.М.,False
310,2024-05-11,SLATA*456881,2799.0,debit,5412,Продукты,Слата,True
105,2024-06-24,ONEPRICE*166890,4309.0,debit,7298,Красота и уход,OnePrice,False
234,2024-06-05,TERMINAL 103387 DLIMOBIL EKATERINBURG,2850.0,debit,,Транспорт,Delimobil,False
190,2024-05-25,TERMINAL 86750 METRO NIZHNIY NOVGOROD,890.0,debit,,Продукты,Metro,False
37,2024-05-31,ИП Петров П.С. частный извоз,2890.0,debit,,Транспорт,Петров П.С.,False
19,2024-05-15,OPLATA TOVAROV PARK GORKOGO,800.0,debit,5815,Развлечения,Парк Горького,False
29,2024-06-11,ИП Соколов В.Н. мастер маникюра,3609.0,debit,7298,Красота и уход,Соколов В.Н.,False
78,2024-05-17,OPLATA FIX PRICE,19090.0,debit,,Дом и ремонт,Fix Price,False
402,2024-05-02,ВОЗВРАТ SBP Волкова В.О.,18100.0,credit,,Прочие доходы,Кофе Хауз,False
189,2024-06-19,SITILINK,9899.0,debit,5734,Электроника и техника,Ситилинк,False
347,2024-05-25,ИП Егорова Т.И.,834.85,debit,,Прочее,Егорова Т.И.,False
416,2024-05-08,Перевод между своими счетами,42599.0,credit,,Переводы,Сидоров А.В.,False
71,2024-05-14,NAIL BAR,7549.0,debit,7298,Красота и уход,Nail Bar,False
94,2024-05-28,LUKOYL AZS,1309.0,debit,4111,Транспорт,Лукойл АЗС,False
223,2024-04-17,Оплата услуг ВТБ Страхование,290.0,debit,6012,Финансовые услуги,ВТБ Страхование,False
436,2024-06-16,Списание по операции №873387,9000.0,debit,,Прочее,,False
35,2024-05-01,Списание ЖКУ МТС,5450.0,debit,4900,ЖКХ и связь,МТС,False
128,2024-05-04,LENTA*194456,2590.0,debit,5422,Продукты,Лента,False
74,2024-05-19,OPLATA TOVAROV VKUSVILL,1990.0,debit,5412,Продукты,ВкусВилл,False
53,2024-05-19,O'KEY,4450.0,debit,,Продукты,О'Кей,False
22,2024-05-30,PODRUZHKA,4899.0,debit,7298,Красота и уход,Подружка,False
173,2024-06-28,OPLATA TOVAROOV OSTROVOK,47999.0,debit,,Путешествия,ОстровОК,False
378,2024-06-14,ИП Егоров И.Д. частный извоз,849.0,debit,4111,Транспорт,Егоров И.Д.,False
385,2024-04-13,Внутрибанковский перевод Соколов Ю.Т.,10949.0,credit,,Переводы,Соколов Ю.Т.,False
383,2024-04-20,Зачисление заработной платы АО Вымпел,40209.0,credit,,Прочие доходы,re:Store,False
235,2024-06-20,POKUPKA OO'KEY NOVOSIBIRSK,4290.0,debit,,Продукты,О'Кей,False
341,2024-04-16,ИП Федорова О.И. стоматолог кабинет,8450.0,debit,8011,Здоровье,Федорова О.И.,False
163,2024-04-25,OPLATA RZHD,54600.0,debit,7011,Путешествия,РЖД,False
196,2024-05-29,OPLATA TOVAROV PRIMME,2690.0,debit,,Кафе и рестораны,Prime,False
90,2024-05-17,Списание ЖКУ Лабиринт,2700.0,debit,,Образование,Лабиринт,False
355,2024-04-20,ИП Сидорова В.В.,5151.91,debit,,Прочее,Сидорова В.В.,False
396,2024-04-23,SBP PEREVOD Морозов М.Н.,33790.0,debit,,Переводы,Морозов М.Н.,False
446,2024-04-22,AVITO USLUGI,7890.0,debit,,Прочее,,False
375,2024-04-25,ИП Смирнова А.М. сантехник услуги,10909.0,debit,5200,Дом и ремонт,Смирнова А.М.,False
293,2024-06-10,TAKSOVICHKOF*91637,2599.0,debit,5541,Транспорт,ТаксовичкоФ,True
432,2024-04-30,Списание по операции №598110,4050.0,debit,,Прочее,,False
229,2024-04-21,ИП Сидоров М.Д. сантехник услуги,790.0,debit,,Дом и ремонт,Сидоров М.Д.,False
4,2024-04-29,TERMINAL 719103 MAKSIDOM KRASNOYARSK,23949.0,debit,,Дом и ремонт,Максидом,False
212,2024-04-26,PAR*816071,4749.0,debit,,Продукты,Spar,False
414,2024-05-01,Пополнение счета от Морозов Т.М.,5150.0,credit,,Прочие доходы,Магнит Косметик,False
221,2024-05-23,POS INIVTRO,14390.0,debit,8099,Здоровье,Инвитро,False
177,2024-05-23,POKUPKA MMETRO MOSKVA,4709.0,debit,5411,Продукты,Metro,False
143,2024-06-20,POS MEDSI,600.0,debit,8011,Здоровье,Медси,False
435,2024-04-27,МАРКЕТПЛЕЙС ОПЛАТА 488180,8999.0,debit,,Прочее,,False
152,2024-04-02,ИП Федоров Е.П. услуги перевозки,2709.0,debit,7523,Транспорт,Федоров Е.П.,False
80,2024-05-19,POS METRO,1250.0,debit,5411,Продукты,Metro,False
117,2024-06-04,TERMINAL 258145 TEREMOK KRASNOYARSK,1450.0,debit,,Кафе и рестораны,Теремок,False
156,2024-06-06,TERMINAL 477238 MOSKOVSKIY METROPOLITEN ROSTOV-NA-DONU,709.0,debit,7523,Транспорт,Московский метрополитен,False
282,2024-04-04,POKUPKA VERNYY SANKT-PETERBURG,1090.0,debit,,Продукты,Верный,True
23,2024-05-26,IVI*261480,2449.0,debit,,Развлечения,IVI,False
272,2024-04-21,OPLATA MEBBEL PLYUS,25390.0,debit,,Дом и ремонт,Мебель Плюс,True
346,2024-06-10,ИП Егоров А.М. косметолог,5149.0,debit,7298,Красота и уход,Егоров А.М.,False
104,2024-05-29,POS KINOPOISK,1650.0,debit,7994,Развлечения,Кинопоиск,False
61,2024-06-12,Оплата Комиссия за обслуживание л/с 186026,3600.0,debit,,Финансовые услуги,Комиссия за обслуживание,False
108,2024-04-05,METRO VORONEZH RUS,1550.0,debit,5411,Продукты,Metro,False
127,2024-04-05,YANDEKS TAKSI KAZAN RUS,1650.0,debit,4121,Транспорт,Яндекс Такси,False
81,2024-05-06,YANDEKS PLYUS,1900.0,debit,5815,Развлечения,Яндекс Плюс,False
443,2024-06-10,Прочие услуги 513059,999.0,debit,,Прочее,,False
279,2024-04-07,POKUPKA BULKA I OFE SAMARA,3049.0,debit,5814,Кафе и рестораны,Булка и Кофе,True
44,2024-06-19,ИП Егоров М.П. частный извоз,2799.0,debit,7523,Транспорт,Егоров М.П.,False
164,2024-05-27,POS NAIL BAR,2599.0,debit,7298,Красота и уход,Nail Bar,False
289,2024-06-14,OPLATA TOVAROV TAKSOVICHKOF,1149.0,debit,,Транспорт,ТаксовичкоФ,True
89,2024-05-14,OPLATA TOVAROV VKUSNO I TOCHKA,2850.0,debit,,Кафе и рестораны,Вкусно и точка,False
356,2024-06-26,ИП Смирнов А.В. услуги перевозки,850.0,debit,4121,Транспорт,Смирнов А.В.,False
292,2024-05-13,OKKO*720811,699.0,debit,7994,Развлечения,Okko,True
421,2024-04-18,ВОЗВРАТ SBP Попова Ю.Д.,74109.0,credit,,Прочие доходы,Шоколадница,False
398,2024-04-16,Перевод СБП Новиков М.Н.,33409.0,credit,,Переводы,Новиков М.Н.,False
367,2024-05-22,ИП Новиков Т.Д.,324.32,debit,,Прочее,Новиков Т.Д.,False
335,2024-06-17,BULKA I KOFE*241133,3800.0,debit,5812,Кафе и рестораны,Булка и Кофе,True
166,2024-05-27,YANDEKS TAKSI KRASNYARSK RUS,1750.0,debit,,Транспорт,Яндекс Такси,False
220,2024-04-27,POKUPKA PEREKRRESTOK EKATERINBURG,3600.0,debit,5422,Продукты,Перекресток,False
210,2024-06-16,MUM-U NIZHNIY NOVGOROD RUS,350.0,debit,,Кафе и рестораны,Му-Му,False
167,2024-05-22,ИП Соколова АА. стоматолог кабинет,2190.0,debit,8011,Здоровье,Соколова А.А.,False
438,2024-06-24,МАРКЕТПЛЕЙС ОПЛАТА 978741,8300.0,debit,,Прочее,,False
246,2024-04-28,KINOTATR KARO MOSKVA RUS,1150.0,debit,7832,Развлечения,Кинотеатр Каро,False
309,2024-06-17,KVEST-HAUS,1509.0,debit,,Развлечения,Квест-Хаус,True
7,2024-06-11,POS YANDEKS TAKSI,1990.0,debit,4121,Транспорт,Яндекс Такси,False
419,2024-04-10,Зачисление заработной платы ООО Ромашка,10999.0,credit,,Прочие доходы,Формула Кино,False
115,2024-06-30,OPLATA KFC,3199.0,debit,5812,Кафе и рестораны,KFC,False
405,2024-04-03,Выплата премии ООО Технострой,75099.0,credit,,Прочие доходы,ЮMoney Комиссия,False
273,2024-06-25,OPLAA KOFEPORT,1849.0,debit,,Кафе и рестораны,Кофепорт,True
370,2024-05-28,ИП Морозов В.А. репетитор математики,13299.0,debit,,Образование,Морозов В.А.,False
431,2024-04-07,YANDEX MARKET,2600.0,debit,,Прочее,,False
245,2024-05-27,OPLATA TOVARVO PARK GORKOGO,1500.0,debit,7994,Развлечения,Парк Горького,False
136,2024-06-04,FIX PRICE*923872,6309.0,debit,,Дом и ремонт,Fix Price,False
260,2024-04-29,OPLTA TOVAROV S7 AIRLINES,58650.0,debit,4112,Путешествия,S7 Airlines,False
391,2024-04-08,Зачисление заработной платы ПАО Энергия,15790.0,credit,,Прочие доходы,Whoosh,False
267,2024-06-26,DO+C,500.0,debit,8011,Здоровье,Doc+,False
373,2024-05-22,ИП Соколова И.П. консультация врача,8700.0,debit,,Здоровье,Соколова И.П.,False
145,2024-05-03,TERMINAL 286645 SM-KLINIKA NIZHNIY NOVGOROD,8490.0,debit,,Здоровье,СМ-Клиника,False
306,2024-04-17,POS SINEMA STAR,2790.0,debit,7994,Развлечения,Синема Стар,True
448,2024-05-22,Списание по операции №245753,7109.0,debit,,Прочее,,False
219,2024-05-12,Оплата услгу Водоканал,1509.0,debit,,ЖКХ и связь,Водоканал,False
228,2024-04-20,POS TEREMOK,3090.0,debit,5814,Кафе и рестораны,Теремок,False
10,2024-05-08,ИП Волкова Д.Т. услуги перевозки,950.0,debit,5541,Транспорт,Волкова Д.Т.,False
28,2024-04-25,Списание ЖКУ Газпром Межрегионгаз,3749.0,debit,4900,ЖКХ и связь,Газпром Межрегионгаз,False
302,2024-05-30,TERMINAL 934548 VERNYY ROSTOV-NA-DONU,5150.0,debit,,Продукты,Верный,True
207,2024-05-02,POS VKUSNO I TOCHKA,2749.0,debit,5812,Кафе и рестораны,Вкусно и точка,False
124,2024-06-13,SPORTMASTER,5590.0,debit,5661,Одежда и обувь,Спортмастер,False
69,2024-06-17,TERMINAL 773915 OBI NIZHNIY NOVGOROD,12099.0,debit,5200,Дом и ремонт,ОБИ,False
161,2024-05-07,OPLATA KFC,2309.0,debit,,Кафе и рестораны,KFC,False
194,2024-05-04,OPLATA TOAROV VKUSVILL,3090.0,debit,,Продукты,ВкусВилл,False
137,2024-05-17,OPLATA TOVAROV PRIME,3400.0,debit,5814,Кафе и рестораны,Prime,False
395,2024-05-26,П2П перевод Сидоров А.О.,6300.0,debit,,Переводы,Сидоров А.О.,False
112,2024-06-13,BOOKING.COM EKATERINBURG RUS,5190.0,debit,4112,Путешествия,Booking.com,False
100,2024-06-03,IVI KRASNOYARSK RUS,4009.0,debit,7994,Развлечения,IVI,False
298,2024-06-19,Зетта Стррахование абонентская плата,209.0,debit,,Финансовые услуги,Зетта Страхование,True
427,2024-06-13,SBP PEREVOD Сидоров Т.Н.,1750.0,debit,,Переводы,Сидоров Т.Н.,False
352,2024-05-16,ИП Егоров Д.А. массажист,9790.0,debit,5912,Здоровье,Егоров Д.А.,False
110,2024-06-16,SUSHI WOK,2650.0,debit,,Кафе и рестораны,Sushi Wok,False
187,2024-05-02,ИП Новиоква И.И. частный извоз,449.0,debit,4121,Транспорт,Новикова И.И.,False
122,2024-06-19,POS RE:STORE,18309.0,debit,5732,Электроника и техника,re:Store,False
286,2024-06-18,Интерсвязь счет №334657,6749.0,debit,4900,ЖКХ и связь,Интерсвязь,True
92,2024-04-23,TERMINAL 390967 OBI VORONEZH,7949.0,debit,5200,Дом и ремонт,ОБИ,False
372,2024-05-05,ИП Петров И.П.,382.82,debit,,Прочее,Петров И.П.,False
195,2024-06-01,OPLAAT TUTU.RU,32090.0,debit,4511,Путешествия,Туту.ру,False
62,2024-04-26,ИП Сидоров С.А. услуги перевозки,549.0,debit,,Транспорт,Сидоров С.А.,False
433,2024-05-03,Оплата товара 616025,6649.0,debit,,Прочее,,False
174,2024-05-05,POS KFC,309.0,debit,5812,Кафе и рестораны,KFC,False
366,2024-04-10,ИП Волков Ю.А.,4318.35,debit,,Прочее,Волков Ю.А.,False
45,2024-04-07,OPLATA BOULING KOSMIK,4899.0,debit,7994,Развлечения,Боулинг Космик,False
389,2024-06-10,Внутрибанковский перевод Сидорова Ю.А.,33400.0,debit,,Переводы,Сидорова Ю.А.,False
130,2024-05-07,SHOKOLADNITSA VORONEZH RUS,200.0,debit,5812,Кафе и рестораны,Шоколадница,False
50,2024-04-21,KFC CHELYABINSK RUS,490.0,debit,5812,Кафе и рестораны,KFC,False
97,2024-04-22,POS SPAR,2250.0,debit,5412,Продукты,Spar,False
197,2024-04-13,ИП Попова ЕТ.. массажист,7549.0,debit,,Здоровье,Попова Е.Т.,False
215,2024-05-02,Московсакя Школа абонентская плата,18149.0,debit,8220,Образование,Московская Школа,False
238,2024-05-06,TEREMOOK,200.0,debit,,Кафе и рестораны,Теремок,False
319,2024-04-04,OPLATA TOVAROV DOMOTSENTR,27309.0,debit,5211,Дом и ремонт,ДомоЦентр,True
444,2024-05-01,AVITO USLUGI,7200.0,debit,,Прочее,,False
404,2024-05-27,П2П перевод Егоров В.О.,28650.0,debit,,Переводы,Егоров В.О.,False
63,2024-06-02,TOPGUN BARBERSHOP,2909.0,debit,7298,Красота и уход,TopGun Barbershop,False
369,2024-06-06,ИП Смирнова О.А. репетитор математики,23809.0,debit,8299,Образование,Смирнова О.А.,False
169,2024-06-25,HOTELTONIGHT,23000.0,debit,7011,Путешествия,Hoteltonight,False
247,2024-04-06,АльфаСтрахование счет №114002,2490.0,debit,6012,Финансовые услуги,АльфаСтрахование,False
257,2024-05-25,POS SSUSHI WOK,1200.0,debit,5812,Кафе и рестораны,Sushi Wok,False
251,2024-06-12,POS TVOOE,4099.0,debit,,Одежда и обувь,Твое,False
269,2024-04-20,ИП Волков А.Е. консультация рвача,9690.0,debit,5912,Здоровье,Волков А.Е.,False
320,2024-04-01,POS LABDIAGNOSTIKA,3949.0,debit,8099,Здоровье,ЛабДиагностика,True
441,2024-05-16,OZON.RU,1399.0,debit,,Прочее,,False
153,2024-06-10,VKUSVILL MOSKVA RUS,409.0,debit,5422,Продукты,ВкусВилл,False
399,2024-04-01,Перевод по номеру телефона +7 993 501-38-20,17300.0,debit,,Переводы,Федоров А.Н.,False
40,2024-05-17,PRIME*389613,3400.0,debit,,Кафе и рестораны,Prime,False
345,2024-06-21,ИП Смирнова О.А.,6741.22,debit,,Прочее,Смирнова О.А.,False
401,2024-04-02,Зачисление заработной платы ООО Логистик,16590.0,credit,,Прочие доходы,Московский метрополитен,False
65,2024-04-16,Списание ЖКУ МТС,2109.0,debit,4814,ЖКХ и связь,МТС,False
206,2024-05-05,MOSKOVSKIY METROPOLITEN MOSKVA RUS,2149.0,debit,5541,Транспорт,Московский метрополитен,False
8,2024-04-04,Оплата ЮMoney Комиссия л/с 47273,2300.0,debit,6051,Финансовые услуги,ЮMoney Комиссия,False
77,2024-05-08,SPORTMASTER UFA RUS,10990.0,debit,,Одежда и обувь,Спортмастер,False
58,2024-05-08,Списание ЖКУ Учи.ру,9649.0,debit,8299,Образование,Учи.ру,False
250,2024-06-08,POS YANDEX TRAVEL,14700.0,debit,7011,Путешествия,Yandex Travel,False
119,2024-04-19,ZARA ROSTOV-NA-DONU RUS,2209.0,debit,,Одежда и обувь,Zara,False
141,2024-04-14,SALON KRASOTY STIL,350.0,debit,,Красота и уход,Салон Красоты Стиль,False
88,2024-06-12,OPLATA SPAR,750.0,debit,,Продукты,Spar,False
411,2024-04-03,Возврат покупки Ренессанс Страхование,43050.0,credit,,Прочие доходы,Ренессанс Страхование,False
307,2024-05-18,OPLATA NORDWIND,34150.0,debit,,Путешествия,Nordwind,True
300,2024-06-02,YARCHE!*901819,2590.0,debit,5422,Продукты,Ярче!,True
254,2024-04-29,OPLATA MAGNIT,2309.0,debit,,Продукты,Магнит,False
321,2024-05-24,Skyeng абонентская плата,15149.0,debit,,Образование,Skyeng,True
60,2024-04-08,SVYAZNOY ROSTOV-NA-DONU RUS,42299.0,debit,5734,Электроника и техника,Связной,False
324,2024-04-25,Оплата услуг Умкул,11950.0,debit,8220,Образование,Умскул,True
256,2024-05-13,OPLATA TOVAROV BILAYN RIITEYL,52999.0,debit,5734,Электроника и техника,Билайн Ритейл,False
301,2024-06-06,Оплата Энергосбыт Плюс л/с 854081,1050.0,debit,4900,ЖКХ и связь,Энергосбыт Плюс,True
296,2024-06-23,OKKO,3050.0,debit,,Развлечения,Okko,True
315,2024-05-24,UTAIR VORONEZH RUS,34790.0,debit,4511,Путешествия,Utair,True
388,2024-06-19,Возврат покупки Т2,11290.0,credit,,Прочие доходы,Т2,False
46,2024-05-16,OPLATA KFC,550.0,debit,,Кафе и рестораны,KFC,False
86,2024-05-27,TERMINAL 965273 DELIMOBIL UFA,2699.0,debit,5541,Транспорт,Delimobil,False
109,2024-06-08,POS SITIMOBIL,2909.0,debit,7523,Транспорт,Ситимобил,False
133,2024-06-03,ASHAN DOM*191697,26200.0,debit,5200,Дом и ремонт,Ашан Дом,False
16,2024-06-06,TERMINAL 46114 PEREKRESTOK KAZAN,690.0,debit,5411,Продукты,Перекресток,False
303,2024-05-06,VELOBAYK HCELYABINSK RUS,1900.0,debit,,Транспорт,ВелоБайк,True
193,2024-06-25,TERMINAL 827383 OSTROVOK KAZAN,55090.0,debit,7011,Путешествия,ОстровОК,False
428,2024-04-02,YANDEX MARKET,5209.0,debit,,Прочее,,False
116,2024-04-01,OPLATA TVOE,4000.0,debit,,Одежда и обувь,Твое,False
330,2024-06-21,TAKSOVICHKOF*904998,2490.0,debit,7523,Транспорт,ТаксовичкоФ,True
294,2024-06-14,POS SLATA,950.0,debit,5422,Продукты,Слата,True
27,2024-05-23,POS LIME,8949.0,debit,,Одежда и обувь,LIME,False
140,2024-06-19,PRIME*597043,1950.0,debit,5812,Кафе и рестораны,Prime,False
198,2024-04-19,OPLATA WILDBERRIES FASHIION,8999.0,debit,5651,Одежда и обувь,Wildberries Fashion,False
14,2024-05-18,OPLATA TOVAROV TVOE,9490.0,debit,5651,Одежда и обувь,Твое,False
87,2024-04-29,VKUSNO I TOCHKA UFA RUS,2900.0,debit,5814,Кафе и рестораны,Вкусно и точка,False
265,2024-04-15,POKUPKA SITIMOBIL EKATERINBURG,2209.0,debit,,Транспорт,Ситимобил,False
262,2024-05-07,INVITRO*6448077,8709.0,debit,,Здоровье,Инвитро,False
222,2024-06-20,TEREMKO,2849.0,debit,,Кафе и рестораны,Теремок,False
243,2024-05-13,OPLATA AEROFLOT,44900.0,debit,,Путешествия,Аэрофлот,False
259,2024-05-18,TERMINAL 783139 H&M SANKT-PETERBURG,1800.0,debit,5651,Одежда и обувь,H&M,False
376,2024-04-03,ИП Кузнецов А.А. мастер по ремонту,26090.0,debit,5200,Дом и ремонт,Кузнецов А.А.,False
354,2024-06-14,ИП Кузнецова Е.В. массажист,9999.0,debit,,Здоровье,Кузнецова Е.В.,False
103,2024-05-23,TERMINAL 761956 WHOOSH MOSKVA,1000.0,debit,4121,Транспорт,Whoosh,False
149,2024-04-04,POS ELDORADO,68849.0,debit,5734,Электроника и техника,Эльдорадо,False
139,2024-06-29,POKUPKA DIKSI KAZAN,1999.0,debit,5411,Продукты,Дикси,False
67,2024-05-17,POKUPKA KINOTEATR KARO NIZHNIY NOVGOROD,1999.0,debit,,Развлечения,Кинотеатр Каро,False
3,2024-04-19,Списание ЖКУ Газпром Межрегионгаз,4049.0,debit,,ЖКХ и связь,Газпром Межрегионгаз,False
342,2024-04-29,ИП Петров В.П. репетитор английского,7099.0,debit,8220,Образование,Петров В.П.,False
56,2024-05-03,Сбербанк Комиссия счет №744697,3809.0,debit,,Финансовые услуги,Сбербанк Комиссия,False
304,2024-05-02,OPLATA TOVAROV TAKSOVICHKOF,1649.0,debit,4111,Транспорт,ТаксовичкоФ,True
233,2024-06-02,OPLATA DOMINOS PIIZZA,2600.0,debit,,Кафе и рестораны,Dominos Pizza,False
51,2024-05-15,KOFE HAUZ SAMARA RUS,3350.0,debit,,Кафе и рестораны,Кофе Хауз,False
1,2024-04-15,Списание ЖКУ Лабиринт,550.0,debit,,Образование,Лабиринт,False
18,2024-04-13,OPLATA TOVAROV M.VIDEO,18349.0,debit,,Электроника и техника,М.Видео,False
268,2024-05-03,MAGNIT*8885970,3499.0,debit,5412,Продукты,Магнит,False
424,2024-06-10,Перевод СБП Егорова О.В.,590.0,debit,,Переводы,Егорова О.В.,False
312,2024-06-18,Опллата услуг Интерсвязь,2250.0,debit,,ЖКХ и связь,Интерсвязь,True
25,2024-06-01,POS KINOTEATR KARO,4999.0,debit,,Развлечения,Кинотеатр Каро,False
183,2024-05-30,OPLAA VKUSNO I TOCHKA,400.0,debit,,Кафе и рестораны,Вкусно и точка,False
357,2024-04-02,ИП Смирнов А.С. барбер услуги,4450.0,debit,,Красота и уход,Смирнов А.С.,False
186,2024-06-16,OPLAATA TOVAROV SPAR,3799.0,debit,5422,Продукты,Spar,False
43,2024-06-06,POKUPKA ASHAN DOM ROSTOV-NA-DONU,21909.0,debit,,Дом и ремонт,Ашан Дом,False
129,2024-05-22,M.VIDEO,35390.0,debit,,Электроника и техника,М.Видео,False
359,2024-06-21,ИП Новикова А.О.,1022.51,debit,,Прочее,Новикова А.О.,False
244,2024-04-07,TERMINAL 680001 VKUSVILL KAAZAN,2450.0,debit,5412,Продукты,ВкусВилл,False
255,2024-05-29,TERMINAL 788622 RENDEZ-VOUS SSANKT-PETERBURG,6299.0,debit,,Одежда и обувь,Rendez-Vous,False
270,2024-06-04,SATA,209.0,debit,5411,Продукты,Слата,True
422,2024-05-25,Зачисление заработной платы ООО Логистик,509.0,credit,,Прочие доходы,Ростелеком,False
154,2024-05-31,LERUA MERLEN ROSTOV-NA-DONU RUS,10599.0,debit,5200,Дом и ремонт,Леруа Мерлен,False
371,2024-06-19,ИП Егорова Е.А. массажист,12309.0,debit,8011,Здоровье,Егорова Е.А.,False
449,2024-06-13,Оплата товара 291154,2400.0,debit,,Прочее,,False
70,2024-04-08,OPLATA MAGNIT,600.0,debit,5422,Продукты,Магнит,False
406,2024-05-13,Кэшбэк по карте,76290.0,credit,,Прочие доходы,Wink,False
158,2024-05-13,TERMINAL 368704 DELIMOBIL SANKTPETERBURG,400.0,debit,,Транспорт,Delimobil,False
425,2024-06-13,Кэшбэк по карте,69609.0,credit,,Прочие доходы,М.Видео,False
271,2024-04-28,OPLATA LABDIAGNOSTIKA,11300.0,debit,,Здоровье,ЛабДиагностика,True
146,2024-05-25,АльфаСтрахование абонентская плата,3100.0,debit,,Финансовые услуги,АльфаСтрахование,False
205,2024-06-25,СОГАЗ счет №865865,3699.0,debit,,Финансовые услуги,СОГАЗ,False
278,2024-06-03,OPPLATA UTAIR,27650.0,debit,7011,Путешествия,Utair,True
314,2024-04-18,НТВ Плюс абонентская плата,2799.0,debit,4900,ЖКХ и связь,НТВ Плюс,True
331,2024-04-21,VERNYY,3799.0,debit,5412,Продукты,Верный,True
64,2024-05-05,SPAR*50577,5209.0,debit,5412,Продукты,Spar,False
325,2024-06-23,TERMINAL 909889 VLEOBAYK KRASNOYARSK,1600.0,debit,5541,Транспорт,ВелоБайк,True
442,2024-05-30,WILDBERRIES,4949.0,debit,,Прочее,,False
387,2024-05-14,Перевод Попова О.П.,40450.0,debit,,Переводы,Попова О.П.,False
168,2024-05-29,POS DIKSI,3309.0,debit,5412,Продукты,Дикси,False
76,2024-05-05,POKUPKA SALON KRASOTY STIL CHELYABINSK,1550.0,debit,,Красота и уход,Салон Красоты Стиль,False
290,2024-06-18,TERMINAL 490277 SLATA NOVOSIBIRSK,4350.0,debit,5422,Продукты,Слата,True
350,2024-04-08,ИП Петров Ю.О.,2518.91,debit,,Прочее,Петров Ю.О.,False
118,2024-04-24,OPLATA APTEKA 36.6,5949.0,debit,,Здоровье,Аптека 36.6,False
213,2024-05-17,POKUPKA ZARA CHLEYABINSK,6250.0,debit,5661,Одежда и обувь,Zara,False
353,2024-05-12,ИП Егоров М.А.,4086.54,debit,,Прочее,Егоров М.А.,False
358,2024-05-21,ИП Егоров Ю.И.,6299.89,debit,,Прочее,Егоров Ю.И.,False
180,2024-05-01,ИП Новиков МС.. частный извоз,2000.0,debit,,Транспорт,Новиков М.С.,False
348,2024-04-27,ИП Соколова П.В.,2440.52,debit,,Прочее,Соколова П.В.,False
380,2024-06-27,ИП Иванов А.Ю. стоматолог кабинет,8749.0,debit,,Здоровье,Иванов А.Ю.,False
99,2024-04-23,POKUPKA PODRUZHKA NIZHNIY NOVGOROD,400.0,debit,7298,Красота и уход,Подружка,False
361,2024-06-15,ИП Соколов Н.А. стоматолог кабинет,10649.0,debit,8011,Здоровье,Соколов Н.А.,False
135,2024-06-12,Списание ЖКУ Т2,7849.0,debit,4814,ЖКХ и связь,Т2,False
176,2024-04-19,POS APTEA APREL,7909.0,debit,5912,Здоровье,Аптека Апрель,False
434,2024-04-09,МАРКЕТПЛЕЙС ОПЛАТА 22694,4899.0,debit,,Прочее,,False
84,2024-06-10,POKUPKA SITIDRAYV UFA,2250.0,debit,4121,Транспорт,Ситидрайв,False
447,2024-04-19,AVITO USLUGI,5150.0,debit,,Прочее,,False
39,2024-04-22,ИП Кузнецова С.Д. массажист,9109.0,debit,,Здоровье,Кузнецова С.Д.,False
340,2024-04-07,ИП Попов Е.С. парикмахер услуги,5709.0,debit,,Красота и уход,Попов Е.С.,False
2,2024-04-18,ИП Егоров И.П. частный извоз,2799.0,debit,,Транспорт,Егоров И.П.,False
311,2024-05-25,Оплата Интерсвязь л/с 748698,7449.0,debit,4814,ЖКХ и связь,Интерсвязь,True
305,2024-06-12,Оплата услуг Энергосбыт Плюс,5799.0,debit,4900,ЖКХ и связь,Энергосбыт Плюс,True
68,2024-06-22,POKUPKA PYATEROCHKA SANKT-PETERBURG,2950.0,debit,5412,Продукты,Пятёрочка,False
208,2024-06-06,OPLATA VKUSVILL,5699.0,debit,5412,Продукты,ВкусВилл,False
437,2024-06-13,WILDBERRIES,2150.0,debit,,Прочее,,False
420,2024-06-11,Внутрибанковский перевод Егорова Е.В.,41309.0,debit,,Переводы,Егорова Е.В.,False
253,2024-05-24,POKUPKA VTOE NOVOSIBIRSK,9449.0,debit,5661,Одежда и обувь,Твое,False
334,2024-06-16,OPLATA ZZOLOTOE YABLOKO,4400.0,debit,,Красота и уход,Золотое Яблоко,True
339,2024-06-17,ИП Новиков А.Е.,4148.37,debit,,Прочее,Новиков А.Е.,False
409,2024-04-07,Внутрибанковский перевод Сидорова А.П.,22550.0,debit,,Переводы,Сидорова А.П.,False
111,2024-06-06,PYATEROCHKA,4300.0,debit,5422,Продукты,Пятёрочка,False
224,2024-04-05,OLATA TOVAROV L'ETUAL,1049.0,debit,,Красота и уход,Л'Этуаль,False
430,2024-05-27,AVITO USLUGI,7190.0,debit,,Прочее,,False
32,2024-04-07,PEREKRESTOK,1090.0,debit,5422,Продукты,Перекресток,False
73,2024-06-11,OPLATA TOVAROV WILDBERRIES FASHION,9100.0,debit,,Одежда и обувь,Wildberries Fashion,False
47,2024-06-08,IL DE BOTE,7350.0,debit,7230,Красота и уход,Иль Де Ботэ,False
126,2024-05-11,OPLATA DIKSI,5209.0,debit,5422,Продукты,Дикси,False
113,2024-06-22,OPLATA TOVAROV RENDEZ-VOUS,7600.0,debit,5661,Одежда и обувь,Rendez-Vous,False
96,2024-06-13,OPLATA TOVAROV STEAM,2209.0,debit,,Развлечения,Steam,False
225,2024-06-11,Оплата Foxford л/с 292540,22350.0,debit,,Образование,Foxford,False
214,2024-04-06,OPLATA TOAVROV METRO,900.0,debit,,Продукты,Metro,False
57,2024-05-25,ONEPRICE,6099.0,debit,,Красота и уход,OnePrice,False
123,2024-04-23,Оплата Мегафон л/с 247033,2649.0,debit,,ЖКХ и связь,Мегафон,False
106,2024-06-09,OPLATA TOVAROV ECCO,4290.0,debit,,Одежда и обувь,Ecco,False
83,2024-05-22,POKUPKA WILDBERRIES FASHION SAMARA,5000.0,debit,,Одежда и обувь,Wildberries Fashion,False
17,2024-04-28,KFC*88808,2249.0,debit,5814,Кафе и рестораны,KFC,False
230,2024-05-27,Оплата услуг ЕИРЦ,6350.0,debit,,ЖКХ и связь,ЕИРЦ,False
98,2024-06-25,TEHNOPARK,61590.0,debit,5734,Электроника и техника,Технопарк,False
322,2024-05-04,НТВ Плюс счет №45622,6809.0,debit,4814,ЖКХ и связь,НТВ Плюс,True
382,2024-05-02,ИП Сидоров С.А. стоматолог кабинет,1150.0,debit,,Здоровье,Сидоров С.А.,False
365,2024-04-18,ИП Попов С.С. консультация врача,14099.0,debit,8099,Здоровье,Попов С.С.,False
